year,avgTemp,minTemp,maxTemp,rainFall,avgPrice
20160101,1.7,-3.9,7.3,0,2215
20160102,5.1,0.3,11.5,0,2215
20160103,5.9,1,12.9,0,2215
20160104,5.3,0.1,10.1,0,2215
20160105,0.6,-2.4,4.4,0.5,2266
20160106,0.7,-4.2,5.4,0,2269
20160107,0.4,-2.6,4.3,0,2271
20160108,-0.5,-3.8,3.9,0,2242
20160109,0.7,-3.8,5.5,0,2242
20160110,1.7,-2.8,6.7,0,2242
20160111,-0.7,-4.4,4.3,0,2307
20160112,-2.1,-7.1,3.7,0,2307
20160113,-1.2,-4.9,2.3,0.8,2318
20160114,-1.1,-5.5,3.3,0.1,2280
20160115,-0.2,-5.3,6.2,0.1,2280
20160116,0.8,-4,7.3,0,2280
20160117,2.1,-1.3,5.6,3.3,2280
20160118,-2,-7.3,3.1,0.9,2299
20160119,-7.5,-9.7,-4.6,0.8,2313
20160120,-6.9,-10.9,-2.3,0,2354
20160121,-4.7,-8.4,0,0,2440
20160122,-4.2,-9.3,0.7,0,2448
20160123,-7,-11.3,-3.5,1.2,2476
20160124,-10.8,-14.2,-7.4,1.5,2598
20160125,-6.6,-12.4,-1.3,0.3,2715
20160126,-1.7,-7,3.5,0.1,2730
20160127,0.2,-4.8,6.1,0,2777
20160128,0.3,-4.6,3.6,6.7,2881
20160129,2.3,0.3,4.4,8.2,2908
20160130,2.2,-1.2,6.4,0.6,2908
20160131,-0.5,-3.2,2.9,0,2908
20160201,-2.9,-6.2,1.7,0,2914
20160202,-3.4,-8.6,2.7,0,2966
20160203,-1.8,-8.3,4.9,0,3026
20160204,0.4,-4.8,5.9,0,3003
20160205,-0.2,-5,5.4,0,3003
20160206,-1.4,-5.6,3.3,0.5,3003
20160207,-1.8,-8,5,0,3003
20160208,1.7,-5.7,7.4,0.2,3003
20160209,2.6,-2.2,7.5,0,3003
20160210,2.2,-4.9,10.8,0,3003
20160211,6.8,-1.2,13.7,0.2,3033
20160212,9.7,6.9,12,20.7,3047
20160213,11.7,7.1,16.2,11.4,3078
20160214,1.1,-3,9.5,0.8,3124
20160215,-3.1,-6,0.1,0.2,3124
20160216,-0.1,-4.4,4,0.5,3160
20160217,1.2,-4.1,6.5,0,3160
20160218,3.6,-2.9,9.7,0.1,3145
20160219,4.5,-0.2,8.9,0,3147
20160220,3.5,-0.6,8.7,0,3147
20160221,1,-3.6,6,0,3169
20160222,2.7,-1.5,6.5,0,3530
20160223,3.3,-1.3,8.5,0.2,3672
20160224,-1,-4.7,3.4,0.6,3711
20160225,0.3,-5.9,6,0,3741
20160226,2.8,-2.3,7.3,0.8,3806
20160227,5.2,1.2,10.6,1.4,3878
20160228,4,-0.5,10.5,5.8,3930
20160229,-1.8,-4.8,1.3,0.3,3924
20160301,-1.4,-7.3,4.3,0,3808
20160302,3.2,-3.8,10.4,0,3821
20160303,7.2,-0.1,15.2,0,3821
20160304,9.4,4.6,13.7,9.7,3821
20160305,11.8,8.2,15.5,27.9,3821
20160306,10.3,5.3,15.6,2.5,3821
20160307,8.9,3.4,14.9,0,3803
20160308,5.9,2.4,9.3,2.8,3851
20160309,3.1,0.3,8.2,2,3985
20160310,1.3,-1.9,5.7,0.1,3905
20160311,0.7,-3.9,5.8,0,3995
20160312,2.5,-4.2,8.7,0,4063
20160313,4.3,1,8.4,0.2,4030
20160314,4.2,-0.5,10,0,4059
20160315,5.6,-2.5,13.3,0,4103
20160316,8.8,3,16.4,0,4088
20160317,10.2,0.9,18.3,0.1,4196
20160318,11.2,7.9,15.4,9.3,4196
20160319,10.4,5.2,16.8,0,4196
20160320,8.2,3.3,13.8,0,4196
20160321,8.6,2.3,15.6,0,4196
20160322,9.3,2,16.9,0,4196
20160323,8.1,4.1,13.6,0.5,4196
20160324,6.4,1.2,12,0.2,4196
20160325,5.8,1.4,11.1,0.2,4196
20160326,5.7,0.2,12.1,0.5,4196
20160327,7,0,14.1,0,4196
20160328,9.3,0.7,17.5,0,4196
20160329,11.9,4.8,18,0.1,4196
20160330,12.7,6.4,20.3,0,4196
20160331,12.4,4.8,20.7,0,4196
20160401,13.2,4.3,22.8,0,4117
20160402,13.9,5.7,21.5,0,4117
20160403,11.7,8.9,15.2,9.5,4117
20160404,11.2,7.6,15.6,1.8,4231
20160405,12,5.1,19.6,0,4228
20160406,12.8,5.7,21,12.2,4191
20160407,12.7,9.2,18,21.9,4303
20160408,13.9,8,21.7,0,4451
20160409,14.9,8.2,22.2,0,4451
20160410,13.6,8.2,21.3,0.4,4451
20160411,10.9,6.8,16.1,0.2,4462
20160412,12.5,6.2,19,0.6,4462
20160413,14.2,10.9,18.2,13.1,4462
20160414,14.7,9.6,21.3,0,4554
20160415,13.7,6.5,21.2,0,4505
20160416,14.6,7.9,20.7,29.2,4456
20160417,13.1,10.1,17.2,9.5,4407
20160418,13,8.3,18.9,1.2,4705
20160419,12.5,7.4,19,0,4875
20160420,13.9,7.3,20.3,0.7,4751
20160421,13.8,10.9,17.3,28.8,4733
20160422,17.1,11.2,24.6,0,4675
20160423,15.2,10.9,20.7,0,4687.2
20160424,14.3,7.2,22.1,0,4667
20160425,15.9,7.3,24.9,0,4612
20160426,17,8.7,25.4,1.4,4593
20160427,12.4,10.8,15.5,25,4504
20160428,13.6,9.6,19.2,2.4,4458
20160429,14.4,8.4,20.9,0.1,4426
20160430,16.5,8.8,23.8,0,4426
20160501,18.1,10.4,26.1,0,4426
20160502,18.9,11.8,25.9,7.8,4024
20160503,15.3,11.7,19.8,26.8,3999
20160504,17,11.7,22.3,0.2,3974
20160505,18.2,9.3,26,0.8,3974
20160506,17.9,13.9,22.5,1.7,3974
20160507,17.1,11.3,23.6,0,3974
20160508,17.4,9.3,24.8,0,3974
20160509,18.1,13.6,23.4,0.2,4009
20160510,13.9,12.2,17.2,20.1,3987
20160511,15.7,11.4,21.7,0.9,3994
20160512,18,11,25.1,0,3994
20160513,16.6,11.9,22.5,0.1,3987
20160514,17.3,10.5,23.9,0,3987
20160515,18.1,11.7,24.3,12.6,3987
20160516,15.4,9.9,21.7,5.9,3988
20160517,17.8,8.6,26.6,0,3999
20160518,20.3,11.4,29.3,0,3999
20160519,20.3,12.4,28.8,0,3810
20160520,19.9,11.9,28,0,3800
20160521,20.1,12.3,27.9,0,3800
20160522,20.2,12.4,28.1,0,3800
20160523,20.6,12.5,27.8,0,3793
20160524,18,15,21.3,20.3,3793
20160525,19.4,13.7,25.8,0,3793
20160526,20.4,15.1,25.9,0.1,3891
20160527,21.5,16.8,27.5,0.1,3854
20160528,20.9,16.3,27.1,0.4,3854
20160529,20.2,15.7,26.5,0.6,3854
20160530,21.3,14.4,28.4,0,3854
20160531,21.7,15.5,28.1,0,3701
20160601,20.9,15.8,26.5,0,3701
20160602,20.2,13.1,27,0,3588
20160603,21.6,14.3,28.3,0,3499
20160604,19.4,16.3,22.9,3.9,3401
20160605,21,15,27.3,0,3397
20160606,19.5,16.8,22.6,0.7,3353
20160607,21.2,17.9,25.9,0.3,3072
20160608,21,18.1,25,1.7,3023
20160609,22.2,17.4,28.3,0,2931
20160610,22.8,17.7,28.8,0,2860
20160611,23.6,19.3,28.6,2.1,2874
20160612,23.1,20.4,26.5,2.6,2792
20160613,22.5,19.2,27.7,0.1,2713
20160614,22.1,18.4,27.4,0.5,2724
20160615,21.5,18.7,24.9,4.8,2751
20160616,22.1,19.1,25.9,1.7,2762
20160617,23.2,17.5,29.5,0,2754
20160618,23.7,17.9,29.8,0.8,2799
20160619,23.8,19.8,29.2,1.4,2833
20160620,23.2,18.5,28.4,5.7,2825
20160621,23.6,20.1,28.1,0.3,2825
20160622,22.8,20.6,26.4,7,2777
20160623,24.2,19.9,29.4,0.1,2752
20160624,21.9,19.9,25.2,30.3,2832
20160625,22.7,18.8,27.3,0,2860
20160626,23.2,17.5,29.3,0,2899
20160627,22.1,17.6,27,1,2933
20160628,22.4,17.8,27.4,0.5,2950
20160629,22.8,19.2,26.7,0.9,3032
20160630,24.4,20.8,29.2,1,3068
20160701,24.2,22,27.6,55.2,3115
20160702,23.6,21.5,27,24.6,3191
20160703,22.4,20,25.3,22.3,3214
20160704,22.2,20.2,24.7,53.2,3299
20160705,24.8,21.5,28.6,39.5,3351
20160706,23.6,21.2,27.4,27.8,3416
20160707,24.2,20.9,29,1.2,3354
20160708,25.4,20.8,31.2,1,3341
20160709,26.1,21.2,32.1,0,3322
20160710,26,21.7,31.1,0,3344
20160711,25.6,22.2,30.3,2.9,3362
20160712,24.6,22.4,28,8.2,3383
20160713,25.6,22.1,29.9,0.1,3388
20160714,25,21.4,30,2.3,3191
20160715,24.5,20.7,28.7,0.8,3214
20160716,21.7,20.4,23.8,27.9,3214
20160717,23.3,20.7,27,0.9,3214
20160718,23.7,19.7,28.7,0,3299
20160719,25,20.4,30,0.1,3351
20160720,25.3,21.6,29.8,0,3416
20160721,25.1,21.5,29.7,0,3354
20160722,25.8,21.7,30.7,0,3341
20160723,26.4,22.2,31.2,1.7,3341
20160724,27.3,23.6,32,4.8,3341
20160725,27.3,24.5,31.6,5.8,3322
20160726,28,24,32.8,0,3344
20160727,28,24.5,32,0.9,3362
20160728,28.3,24.8,32.7,0.8,3383
20160729,27.8,24,32.1,9.7,3388
20160730,28.4,25,33.3,6.7,3388
20160731,28,24.4,33.5,4.1,3388
20160801,27.4,23.7,32.8,2.4,3487
20160802,26.4,23.6,30.9,3,3569
20160803,26.7,23.1,31.8,1.6,3689
20160804,27.7,23.4,33,0.2,3760
20160805,28,23.3,33.6,0.2,3822
20160806,28.3,23.4,34,0.6,3822
20160807,28.5,24.1,34.2,1.5,3822
20160808,28.2,24,34.5,4.9,3957
20160809,27.7,23.9,32.6,0.6,4064
20160810,28.4,23.9,34,0,4043
20160811,29.3,24.1,35.4,0,4061
20160812,29.5,24.4,35.6,0,4090
20160813,29.5,24.6,35.3,0,4090
20160814,29.1,25,34.4,1,4090
20160815,28.5,25,33.8,2.6,4090
20160816,27.9,24.2,33.2,4,4120
20160817,27.7,23.2,33.3,0.7,4291
20160818,28,23.7,33.6,0.4,4520
20160819,28.2,23.8,33.6,0.4,4746
20160820,28.3,24.1,34,0.1,4746
20160821,27.9,23.2,33.8,0.2,4746
20160822,28,23,34,1.2,5334
20160823,27.3,23.6,32.2,1.8,5472
20160824,27.3,22.9,33.2,0,5958
20160825,27.2,21.3,33.7,2.1,6258
20160826,21.9,18.3,27.2,11.3,6384
20160827,22,17.1,27.1,0.6,6384
20160828,19.6,17.3,23.3,22.8,6384
20160829,20.5,16.3,25.4,3,6708
20160830,20.7,16.9,24.7,1,7175
20160831,21.8,18.5,25.3,7.8,7641
20160901,24.6,19.6,30.2,2,7754
20160902,21.4,19.4,24.8,28.9,7872
20160903,22.9,19.7,27.1,20.5,7872
20160904,24.6,21.1,29.4,2.1,7872
20160905,24.6,21.7,29.1,1.3,7892
20160906,23.6,20.2,27.8,0,8035
20160907,23.1,19.9,27.9,1.3,8186
20160908,22.7,18.6,28.2,3.2,8081
20160909,22.8,18.9,28.5,1.4,8128
20160910,22.4,18.7,27.6,5.1,8128
20160911,22.8,19.3,27.3,1.2,8128
20160912,21.7,19.1,25.9,7.8,7545
20160913,22.4,17.7,28.2,0,7845
20160914,22.6,18.7,27.7,0,7845
20160915,22.6,18.2,28.2,0,7845
20160916,22.1,19.6,25.3,5,7845
20160917,20.5,18.8,22.8,85.6,7845
20160918,20.3,18.3,22.8,6.5,7845
20160919,20.2,17.1,24.1,0.2,8443
20160920,18.8,13.9,24.4,0,8088
20160921,18.4,12.7,24.1,0,7940
20160922,19.4,15.8,24.6,0,7694
20160923,19.7,14.4,26.1,0,7643
20160924,20.4,15.4,27.1,0,7643
20160925,20.7,16.1,26.6,0,7643
20160926,21.7,17.9,26.5,2.2,7532
20160927,22.7,20.1,26.7,5.4,7846
20160928,21.3,18.8,24.7,7.6,7805
20160929,19.1,17,21.7,1.3,7788
20160930,17.8,15.9,19.9,13,7719
20161001,19.1,16.3,22.3,2.4,7719
20161002,20.8,17.8,24.4,6.1,7719
20161003,22.6,18.9,26.9,9.6,7719
20161004,21.4,16.8,27.2,0.6,7304
20161005,19.5,16.7,24.2,51.1,6912
20161006,18.6,14.4,24.3,0,6759
20161007,18.4,14.8,22.8,9.3,6657
20161008,17.4,14,21.5,23.6,6657
20161009,12.8,8.8,17.8,0,6657
20161010,13.3,8.4,19.1,0,6470
20161011,14.5,10.2,20.6,0,6047
20161012,15.1,10.8,21.2,0,5738
20161013,14.5,10.6,20.2,0,5340
20161014,15.2,9.2,23.1,0,5107
20161015,16.7,10.6,24.3,0,5107
20161016,16,13.9,18.5,18.5,5107
20161017,17.7,14,23.2,0.3,4753
20161018,16.3,12,22.4,0,4685
20161019,16.8,12.6,23.3,0,4481
20161020,16.8,11.7,22.7,0.1,4241
20161021,16.6,14.9,18.8,0.4,4179
20161022,16.8,13.6,21,0.4,4179
20161023,14.4,11.4,17.6,2.3,4179
20161024,14.2,9.5,19.4,0,4011
20161025,14.6,11.3,19.1,13.7,3911
20161026,13.8,10,18.3,0,3792
20161027,14.5,9.1,19.2,0,3723
20161028,14.1,12.1,16.5,5.6,3592
20161029,10.6,7.1,14,0.7,3592
20161030,8.1,2.9,15.1,0,3592
20161031,8.3,4.4,11.6,0.3,3552
20161101,4.6,0.4,9.7,0,3419
20161102,5.3,-1.2,11.8,0.1,3422
20161103,8.1,2.9,14.7,0.1,3233
20161104,10.2,3.5,17.4,0,3218
20161105,13.2,7.6,19.8,0.2,3218
20161106,12.6,8.9,16.5,1.6,3218
20161107,13.1,9.4,17.8,1.5,3270
20161108,8.2,3.1,12.7,1.7,3255
20161109,4.3,-0.7,10.5,0,3281
20161110,7.3,2.8,12,3.1,3233
20161111,9.3,4.5,15.2,0.9,3263
20161112,10,2.9,18.2,0,3263
20161113,12.6,6.9,18.3,3,3263
20161114,14.3,10.2,18.7,2.3,3435
20161115,9.5,3.4,15.2,0,3567
20161116,6.6,0.3,14.3,0,3561
20161117,8.7,3.3,16.1,0,3440
20161118,10,3.6,15.6,12.8,3630
20161119,13.4,10.6,16.7,1.2,3630
20161120,12.2,7.3,17.6,0,3630
20161121,10.3,6.1,14.2,0.1,3709
20161122,6.3,2.5,10.9,0.9,3790
20161123,3.1,-0.5,7.6,0.1,3762
20161124,0.7,-3,5.5,0,3712
20161125,1.9,-2.8,8.1,0,3725
20161126,1.2,-2.6,4.3,2.4,3725
20161127,4.1,1,8.5,0.1,3725
20161128,3.8,-0.2,8.4,0,3725
20161129,3.1,-2.3,10,0.2,3725
20161130,6.2,1.2,10.7,2.5,3838
20161201,6.5,0.8,10.8,0.1,3927
20161202,3,-2.6,10,0,3927
20161203,4,-2.6,12.1,0,3927
20161204,5.3,1.1,10.2,0,3927
20161205,7.9,2.5,13.8,0.1,3951
20161206,1.8,-2.9,6.7,0,3959
20161207,1.6,-4.2,7.6,0.1,3978
20161208,3.6,-2.5,9.7,1.3,4057
20161209,4.6,-0.5,8.9,1.3,4111
20161210,0.8,-3.9,7.1,0,4111
20161211,0.1,-5.7,7.8,0,4111
20161212,3.9,-2.8,10.1,0.2,4044
20161213,5.4,1.4,9.9,0.3,4077
20161214,1.6,-1,4.7,2.5,4058
20161215,-0.8,-4.2,2.7,0.1,4077
20161216,-1.8,-6.9,2.9,0,4093
20161217,3.4,-2.2,10.1,0,4093
20161218,4.4,-1.1,10.6,0.1,4093
20161219,7.2,3.4,10.5,4.9,4089
20161220,7.3,3.3,13,0,4119
20161221,8.7,3,13.7,24.2,4145
20161222,8.4,4.4,15.3,14.4,4169
20161223,1.7,-0.3,4.7,0.6,4163
20161224,0.5,-2.3,4,0,4163
20161225,2.9,-2.9,9,0.1,4163
20161226,4.6,2.9,6.2,10.3,4206
20161227,1.2,-3.2,4.5,2.1,4226
20161228,-1.4,-6.5,4.8,0,4200
20161229,-1.3,-4.5,2.1,0.2,4224
20161230,-1.4,-7,4.6,0,4219
20161231,1.7,-2.9,7.1,0,4219
20170101,3.2,-1.5,9.6,0,4219
20170102,5.5,0.4,11.3,0,4382
20170103,3.6,-0.9,9.8,0,4355
20170104,3.8,-1.3,10.6,0,4380
20170105,4.3,-0.7,8.5,2,4379
20170106,5.2,0.8,10.5,0.1,4354
20170107,4,-1.4,9.5,0.1,4354
20170108,7.2,3.9,11.9,1.6,4354
20170109,4.4,-0.5,8.1,0.1,4279
20170110,0.4,-2.9,4.7,0,4279
20170111,-1.7,-6.2,2.8,0,4279
20170112,0.7,-3.7,5.6,0.2,4279
20170113,-2.2,-5.9,2.8,0.3,4108
20170114,-5,-7.8,-1.8,0,4108
20170115,-4.8,-10.6,1.6,0,4108
20170116,-3,-8.8,4.4,0,4108
20170117,-1.7,-7.8,5.8,0,4108
20170118,0.5,-4.5,5.9,0,4092
20170119,0.1,-5,6.8,0,4092
20170120,-1.7,-5.4,1.4,3.3,4092
20170121,-2.6,-8.1,2,0.6,4092
20170122,-3.7,-6.9,0.1,0.6,4092
20170123,-5.9,-9.9,-1.1,0.1,4019
20170124,-4.7,-10.1,1.5,0,3987
20170125,-3.7,-9.7,3.3,0,3987
20170126,-0.9,-9.1,6.8,0.1,3987
20170127,1.5,-3.7,6.6,1.2,3987
20170128,0.5,-7.3,8.3,0,3987
20170129,3.3,1,5.7,3.9,3987
20170130,-1,-5.5,3.2,1.1,3987
20170131,-2.9,-8.7,3.7,0,4008
20170201,-1.2,-5.4,4.2,0,3980
20170202,-0.9,-7.5,6.1,0,3990
20170203,1.8,-3.8,8.6,0,3990
20170204,4.1,-2.3,9.9,0.8,3990
20170205,4.2,1.8,7.5,1.1,3990
20170206,0.8,-2.6,4.7,0,3990
20170207,0.1,-4.7,6.3,0,4001
20170208,0.8,-3.6,5.3,0,4001
20170209,-2.1,-5,1.2,0.1,4010
20170210,-4.1,-6.8,-0.5,0.6,4010
20170211,-2.8,-7.5,1.8,0.1,4010
20170212,-0.7,-6.1,5.4,0,4010
20170213,1,-5.9,7.3,0.3,4038
20170214,1.5,-3.4,7.6,0,4010
20170215,2.4,-5.3,11,0,4010
20170216,7.1,-2.8,14.5,1.4,4010
20170217,5.6,-1,12,1.7,4010
20170218,0,-4.6,5.1,0,4010
20170219,3.4,-5,10,2,4010
20170220,2.9,-3,9.6,5.4,4010
20170221,0.8,-6.2,7.9,0,4010
20170222,3.6,0.3,5.9,16.1,4010
20170223,1.4,-2,5,0,4010
20170224,0.6,-4.7,6.1,0,4010
20170225,3.1,-2.6,9.2,0,4010
20170226,3.4,-2,10,0,4010
20170227,3.6,-2.5,11.1,0.1,4010
20170228,4.8,-2.5,13,0,4018
20170301,6.2,0.7,12.7,2.1,4018
20170302,3.2,-0.7,6.9,2,4018
20170303,3.9,-3.2,11.7,0,4002
20170304,5.6,-1,13.7,0,4018
20170305,6.2,-0.3,13.8,0.2,4018
20170306,2.9,-1.1,7,0.3,4002
20170307,0.1,-3.2,4.4,0.5,4002
20170308,1.4,-3.8,6.3,0,4002
20170309,5,-1.6,11.3,0,4002
20170310,5.4,-1.3,12.7,0,4002
20170311,6.5,-2.2,15.8,0,4002
20170312,8.5,0.2,16.4,0,4002
20170313,7.9,2.7,13.7,0,4002
20170314,5.5,0.6,11.4,0.6,4089
20170315,4.8,-1.8,12.2,0,4089
20170316,5.6,-1.4,13.1,0,3986
20170317,6.9,-1.2,15.5,0,3986
20170318,8.4,2.3,16.8,0,3986
20170319,9.1,0.7,17.9,0,3986
20170320,8.3,2.1,13.6,2.8,3942
20170321,7.1,2.4,12.5,1.5,3942
20170322,6.9,-0.6,14,0,3942
20170323,8.7,3.8,15.1,0.1,3942
20170324,7.8,2.3,13.3,0,3938
20170325,6.4,4,9.7,6,3938
20170326,6.2,2.8,10.8,1.2,3938
20170327,6,2.4,10.8,1.3,3930
20170328,7.3,0.7,13.6,0.7,3953
20170329,8.5,4,14,1.1,3917
20170330,10.5,2.8,18.4,0,3927
20170331,8.7,6.2,12.1,3.8,3918
20170401,7.5,4.1,12.3,3.4,3918
20170402,8.2,1.7,15.1,0,3918
20170403,11.5,2.9,20.2,0,3918
20170404,13.4,4.1,21.9,0,3918
20170405,13.3,10.2,16.2,17.7,3895
20170406,13.6,10.5,17.1,9.8,3881
20170407,14.2,8.5,21.9,0,3881
20170408,14.9,8.1,23.1,0,3881
20170409,13.4,9.2,18.2,0.6,3881
20170410,13.4,8.3,19.5,0.1,3881
20170411,12.2,8.4,18.2,10.8,3881
20170412,12.3,7.2,17.7,0,3803
20170413,13.1,4.6,20.3,0,3830
20170414,14.7,8.5,20.5,0.9,3790
20170415,17.6,11.3,24.8,0.1,3790
20170416,17.8,10.3,26.6,0,3790
20170417,13.6,10.8,17.2,15.3,3829
20170418,13.3,8.6,20.1,3.1,3714
20170419,13.3,7.4,19.4,0,3701
20170420,12.4,8.9,17.6,0.9,3648
20170421,13,7.1,19.9,0,3681
20170422,13,7,20,0.1,3681
20170423,14,6,21.8,0,3681
20170424,15,6.4,22.5,0,3612
20170425,16.9,11,22.4,0.8,3607
20170426,14.9,10.1,20.1,1.2,3601
20170427,13,6.4,19.3,0,3627
20170428,15.1,6.2,23.3,0,3649
20170429,17.1,8.2,25,0,3649
20170430,19.8,11.9,27.7,0,3649
20170501,17.8,11.3,25.4,0,3649
20170502,16.9,9.4,24.7,0,2987
20170503,18.3,9.5,27.2,0,3649
20170504,19.1,11.3,26.4,0.3,2809
20170505,19.8,15.6,25.1,3.7,2809
20170506,16.7,11.1,22.6,0,2809
20170507,17.3,9.2,24.7,0,2809
20170508,18.2,10.3,24.9,0,2807
20170509,14.9,12.9,19.1,11.2,2809
20170510,15.5,12.6,19.7,1.1,2782
20170511,18.9,12.3,25.8,0.3,2171
20170512,18,14.4,21.8,1.7,2163
20170513,17.5,12.3,24.5,2.9,2163
20170514,16.7,11.3,22.7,0,2163
20170515,16,10.2,21.7,0,2127
20170516,16.5,11.1,22.2,0,2096
20170517,17.4,11,24.7,0.7,2133
20170518,19.7,11.5,27.4,0,2060
20170519,21.5,13.5,29.5,0,2005
20170520,21,13.8,28.4,0,2005
20170521,20.7,13.8,27.9,0,2005
20170522,20.2,13.1,27.3,0,1974
20170523,19.6,13.7,25.5,1.4,1974
20170524,19.8,16,25.4,3.6,1974
20170525,19.6,13.2,27.8,0,2087
20170526,16.1,10.9,21.7,0,2096
20170527,17.5,9.8,25.1,0,2096
20170528,20.6,11.8,28.3,0,2096
20170529,23.4,16.6,30.6,0,2093
20170530,23.1,16.2,30.4,0,2086
20170531,21.6,16.5,27.9,2.5,2105
20170601,21,16.2,27.3,2.6,2004
20170602,19,12.3,25.6,0.1,1995
20170603,19.3,14.2,25.3,0.2,1995
20170604,19.5,11.5,27,0.2,1995
20170605,20.3,13,27.6,0,2010
20170606,17.8,14.5,21.7,10.7,1995
20170607,18.4,15.9,21.2,5.5,2050
20170608,20.5,15.9,26.4,0,2181
20170609,22,15.5,28.6,0.4,2272
20170610,21.2,16.6,26.6,0.4,2272
20170611,20.4,14.2,27.1,0.9,2272
20170612,19.5,14.7,24.8,0,2289
20170613,19.2,14.7,25.4,2.1,2283
20170614,20.7,14.4,27.2,0,2275
20170615,22.6,16,29.8,0,2255
20170616,22.2,16.4,28.7,0,2247
20170617,22.4,16.3,29.3,0,2247
20170618,23.4,16.3,31.2,0,2247
20170619,24.2,17.1,31.7,0,2251
20170620,23.2,18.1,28.7,2.1,2247
20170621,23.4,18.7,29.1,0.3,2252
20170622,23.9,18.2,30.3,0,2267
20170623,24.7,18.6,31.5,0,2259
20170624,23.2,19.3,29,2.5,2259
20170625,22.7,19.1,28.2,10.4,2259
20170626,22.2,19.6,26.8,12.4,2285
20170627,23.1,19.7,28.1,3,2284
20170628,24.2,19.8,29.9,1.5,2256
20170629,23.9,20.4,28.6,5.2,2301
20170630,25.3,20.8,30.4,0.3,2285
20170701,25.3,22.6,29,4,2285
20170702,25.6,23.3,28.8,23.3,2285
20170703,25.6,23.5,29.1,29.4,2356
20170704,25.4,22.9,29.8,20.7,2394
20170705,26,22.5,31.2,1.7,2482
20170706,25.4,22,30.5,15,2594
20170707,26,22.9,29.1,4.4,2570
20170708,25.6,23.4,28.6,24.4,2570
20170709,27,23.4,32,9.6,2570
20170710,26.1,24.1,28.5,26.7,2539
20170711,26.5,23.2,30.7,4.8,2588
20170712,27.2,23.1,32.6,0,2810
20170713,27.1,22.2,33,0,3051
20170714,26.8,22.9,33.2,9.8,3199
20170715,25.5,23.1,28.4,20.7,3199
20170716,26.7,23.7,30.4,25.1,3199
20170717,26.4,23.4,30.6,6.2,3414
20170718,26,23.1,30,3.4,3709
20170719,27.4,23.5,32.8,0,3879
20170720,28.4,23.8,33.6,0,4052
20170721,29.4,25.5,34.1,0.7,4217
20170722,27.8,24.8,32.2,4.6,4217
20170723,26.8,24.4,29.5,13.2,4217
20170724,27.1,24.9,31.2,10,4381
20170725,26.8,23.9,31,10.7,4891
20170726,26,21.7,30.8,0,5055
20170727,25.5,20.4,31.1,0.3,5376
20170728,26,22.2,30.2,11.3,5293
20170729,25.4,23.4,28.5,7.4,5293
20170730,26.1,23,30.6,0.8,5293
20170731,24.8,23.1,27,19.9,5274
20170801,26.6,22.9,31.9,2.2,5481
20170802,27.2,23.8,32,0.4,5409
20170803,27.2,23.1,31.9,0,5438
20170804,28.5,23.5,33.9,0,5401
20170805,29.6,24.7,35.1,0.6,5401
20170806,29.4,25.1,34.8,1.7,5401
20170807,28.5,24.8,33.8,1.6,5478
20170808,27.4,23.5,32.3,0.4,5420
20170809,25.6,23.5,28.4,11.6,5329
20170810,25.6,23.4,29.1,15.7,5273
20170811,25.8,22.3,31.2,8.8,5426
20170812,25.6,21.8,30.3,0.8,5426
20170813,24.1,21.4,26.8,3.1,5426
20170814,22.9,21.4,25.1,42.9,5450
20170815,23.2,21.6,25.2,29.1,5450
20170816,24.6,22,28.3,6.4,5781
20170817,24.5,21.8,28.7,5.3,5924
20170818,25,21.7,29.9,6,6024
20170819,24.9,21.9,29.1,8.1,6024
20170820,24.7,22.7,27.8,24.6,6024
20170821,25.4,23,29.4,26,6535
20170822,26.7,23.4,31.6,8.2,6576
20170823,27.8,24.4,32,10.6,6677
20170824,28,24.7,31.6,14.4,6743
20170825,25.9,21.2,31.3,3,6600
20170826,23.2,17.9,29.6,0,6600
20170827,22.4,16.6,28.6,0,6600
20170828,23.7,18.3,28.8,8.4,6768
20170829,22.3,18.2,26.9,1.1,6800
20170830,19.7,16.6,24,0,6868
20170831,21.1,15.5,27.3,0,6875
20170901,21.3,16,27.6,0,6958
20170902,20.7,15.3,26.5,0,6958
20170903,21.3,15.3,27.8,0,6958
20170904,21.9,17,27.7,0,7125
20170905,20.7,18.1,23.4,1.6,6741
20170906,20.9,18.5,23.9,15.4,6928
20170907,21.4,17.8,26.9,1.2,6775
20170908,22.4,17.7,28.8,0,6770
20170909,22.2,17.4,28.8,0,6770
20170910,22.4,18,27.4,0.2,6770
20170911,20.6,18.2,23.6,46.6,6740
20170912,21.8,17.1,27.8,0,6804
20170913,20.1,14.4,27.2,0,6686
20170914,20.3,13.6,27.2,0,6655
20170915,20.6,16.5,25.3,0,6472
20170916,20.5,16.1,24.8,0.1,6472
20170917,21.1,17,26.1,1.8,6472
20170918,20.7,15.2,27.2,0,6423
20170919,21.9,16.5,27.3,3.5,6316
20170920,19.7,14,24.5,0.4,6288
20170921,18.2,11.8,25.7,0,6281
20170922,19.3,14,26.5,0,6209
20170923,19.9,14.9,26.3,0,6209
20170924,21.1,16,27.6,0,6209
20170925,21.8,16.9,28.5,0,6174
20170926,22.3,16.9,28.3,0,6190
20170927,19.4,17.3,22.6,21,6184
20170928,19.7,15,25.1,0.2,6026
20170929,15.8,10.3,21.8,0,5969
20170930,17.3,9.9,25.9,0,5969
20171001,16.6,12.9,20.3,21.2,5969
20171002,19.9,16.5,24.6,15,5969
20171003,18.1,14.9,23.1,0.6,5969
20171004,17.1,13,22.3,0.1,5969
20171005,16.8,13,21,1.1,5969
20171006,16.5,13.9,19,8.4,5969
20171007,19.4,15.9,24.6,0.1,5969
20171008,20.4,16.3,26.5,0,5969
20171009,20.9,16.4,27.1,0,5969
20171010,20.9,16.8,26.6,1.5,5754
20171011,17.7,14.6,21.8,6.3,5403
20171012,13.1,10.6,15.5,9.3,4986
20171013,13,7.7,19.2,0,4638
20171014,14.1,8.9,20.3,0,4638
20171015,14.7,10,19.4,0.8,4638
20171016,15.5,12.1,20.2,0,4286
20171017,15.1,9.7,21.6,0,3980
20171018,15.6,13,18.7,0.3,3792
20171019,15.3,11.3,20.5,0.5,3398
20171020,15.2,10.1,22.4,0,3243
20171021,15.1,9.4,22.6,0,3243
20171022,15.5,9.4,21.7,0.1,3243
20171023,12.9,8,18.6,0,3140
20171024,11.7,7.3,18.5,0.1,3104
20171025,11.7,6,19.8,0,3094
20171026,12.7,6.9,19.5,0,2974
20171027,14.4,9.6,21.5,0,3061
20171028,15.3,9.2,22.1,0,3061
20171029,12.8,7.6,19.4,1.9,3061
20171030,7.9,2.9,14.1,0,2809
20171031,8.8,1,17.5,0,2754
20171101,12.2,6,18.5,0,2643
20171102,13.4,9,19.3,0.1,2680
20171103,12.1,7.1,18.4,1.3,2587
20171104,8.1,3.6,13.8,1.3,2587
20171105,7.6,1.4,15.7,0,2587
20171106,9.6,2.6,18,0,2640
20171107,13.5,6.4,19.8,0.1,2625
20171108,14.1,7.5,19.6,0,2624
20171109,9.2,2.8,17.6,0,2576
20171110,11.5,4.3,19.4,2,2597
20171111,6.7,1.7,12.1,0,2597
20171112,5.6,-0.6,13.6,0,2597
20171113,8.2,1.2,14.4,0.4,2621
20171114,9.2,4.1,14.4,0,2646
20171115,5.5,1.2,10.3,0,2591
20171116,3.1,-1.6,9.3,0,2414
20171117,5.1,-2,10.4,0.2,2384
20171118,2,-2.1,7.6,0,2384
20171119,0.8,-4.1,5.5,0,2384
20171120,3.1,-1.5,8.3,0,2445
20171121,2.9,-2.7,10.2,0,2461
20171122,5.3,0.1,10.7,0.5,2434
20171123,2.3,-2,6.7,0.6,2599
20171124,1.9,-2.1,6.5,1.3,2622
20171125,4,-3.4,10.4,3.3,2622
20171126,6.3,0.8,12.4,1.3,2622
20171127,3.9,-1.8,11.6,0,2686
20171128,7.3,0.7,14.4,0,2708
20171129,7.5,3.1,12.2,0,2727
20171130,2.1,-1.9,6.6,0,2727
20171201,-0.6,-5.2,4.8,0,2727
20171202,1.3,-4.9,8.1,0,2727
20171203,4.4,-1.7,11,0.5,2727
20171204,2.2,-2.6,6.9,0.2,2677
20171205,-2.3,-6,1.9,0.2,2670
20171206,0.6,-5.2,6.7,0.9,2657
20171207,2.6,-1.9,7.6,0.9,2653
20171208,-1.3,-4.3,2.4,0.2,2688
20171209,0.7,-4.5,6.2,0,2688
20171210,3.5,-1.1,8.9,2.2,2688
20171211,-3,-6.7,1.7,0.2,2637
20171212,-6,-9.7,-1.7,0,2637
20171213,-5.2,-9.6,0.4,0,2637
20171214,-4,-10.5,2.8,0,2635
20171215,-0.8,-7.2,4.7,0,2635
20171216,-1.7,-5.6,2.1,0.2,2635
20171217,-4.4,-9,0.3,0.1,2635
20171218,-0.2,-7.3,5.7,0.3,2743
20171219,-1.3,-5.9,3.4,0.1,2765
20171220,-1.5,-7.8,4.7,0.7,2788
20171221,-0.1,-4.8,5.8,0,2788
20171222,1.7,-4.3,8.5,0,2800
20171223,3.9,-1.1,11,0,2800
20171224,4.3,1.3,8.1,14.2,2800
20171225,0.2,-2.7,3.5,0,2800
20171226,-0.6,-4.9,4.1,0.1,2823
20171227,-3.9,-8,0.7,0,2865
20171228,-1.5,-6.9,3.7,0,2884
20171229,2.9,-2.1,8,0,2901
20171230,2.9,-1.6,7.1,0.6,2901
20171231,2.1,-2,5.8,0.4,2901
20180101,-0.4,-4.9,5.2,0,2901
20180102,0.2,-5.3,5.8,0,2905
20180103,-1.6,-5.3,2.8,0,2927
20180104,-1.7,-5.6,2.3,0,2940
20180105,-0.1,-3.4,4.7,0,2960
20180106,-0.7,-5.4,5.5,0,2960
20180107,-0.3,-6.5,4.4,0.5,2960
20180108,2.3,0.1,4.8,2.4,3024
20180109,-1.3,-3.4,1.5,1.4,2967
20180110,-4.5,-8.1,-0.7,2.2,2952
20180111,-8.2,-11.3,-4.3,0.8,2961
20180112,-8.5,-13.4,-3.7,0,2981
20180113,-3.1,-8.8,3.1,0.1,2981
20180114,-0.3,-7,6.7,0,2981
20180115,4.4,-0.9,10.8,0,3053
20180116,3.8,-0.8,8.2,7,3071
20180117,4.3,1.7,7.8,5,3076
20180118,3.7,0.1,7.8,0,3055
20180119,1.3,-3,7.3,0,3069
20180120,1.2,-4.1,7.7,0,3069
20180121,1.2,-3.9,7.5,0,3069
20180122,2.9,-0.6,7.6,1.2,3083
20180123,-6.4,-10,0.7,0,3179
20180124,-10.4,-13.4,-6.5,0,3155
20180125,-9.9,-13.9,-5.1,0,3115
20180126,-10.4,-14.2,-5.4,0,3115
20180127,-7,-14.6,0.4,0,3115
20180128,-2.7,-5.8,1.8,0,3115
20180129,-5.9,-9.3,-1.7,0.1,3176
20180130,-4.6,-11.3,1.4,0.1,3363
20180131,-1,-6,3.9,0,3471
20180201,-2.1,-7.7,4.4,0,3749
20180202,-2.4,-8.3,4.4,0,3837
20180203,-4.5,-8.1,-0.8,0.3,3837
20180204,-7.1,-10.6,-3.1,0.2,3837
20180205,-7.4,-11.8,-2.6,0.1,4052
20180206,-8,-12.3,-3.5,0.1,4261
20180207,-6.7,-13.3,0,0,4181
20180208,-3.6,-11,4.6,0,4307
20180209,1.4,-6.2,8.6,0,4307
20180210,1.5,-4,7,0,4307
20180211,-3.6,-7.2,0.1,0.7,4307
20180212,-4.1,-8.9,-0.1,0.4,4576
20180213,-0.7,-7.2,5.1,0.1,4512
20180214,4.7,-3.3,11.9,0,4479
20180215,1.9,-2.7,7.5,0,4479
20180216,1,-5.1,7.6,0,4479
20180217,-0.2,-4.4,4.6,0,4479
20180218,0.8,-4.2,6.8,0,4479
20180219,2.8,-2.5,9.2,0,4527
20180220,2.7,-3.9,9.1,0,4359
20180221,0.5,-3.8,5.4,0,4301
20180222,0.6,-6.2,7.3,0.1,4302
20180223,4.4,-2.7,10.3,1,4306
20180224,4.6,-0.4,10.8,0.1,4306
20180225,3.8,-0.8,10.5,0,4306
20180226,3.1,-4.2,11.7,0,4241
20180227,5.1,-2.7,12.5,0,4277
20180228,5.6,2.4,9.1,29.2,4280
20180301,2.8,-1.7,6.6,0.9,4280
20180302,1.3,-5,8.9,0,4283
20180303,7.6,-1.4,16.6,0,4283
20180304,11.8,5.9,17.4,16,4283
20180305,5.7,2.3,11.6,12.1,4303
20180306,4.7,-0.7,11.1,0,4311
20180307,5.1,1.4,9.1,5.1,4295
20180308,3.3,1,6.3,16.7,4269
20180309,3.5,0.2,7.7,0.1,4322
20180310,4.8,-1.1,11.4,0,4322
20180311,6.4,0.7,13.8,0,4322
20180312,7.9,-0.4,16.9,0,4347
20180313,12.3,3.3,20.2,0,4314
20180314,15.2,8,22.5,0,4281
20180315,12.8,7.9,16.4,23.9,4297
20180316,5.2,1.5,10.1,0.7,4289
20180317,5.4,-1.1,12.6,0,4289
20180318,8,1.9,13,6,4289
20180319,8.5,5.6,11.4,19.9,4260
20180320,5.3,1.9,8.7,0.6,4254
20180321,1.8,0.3,3.7,8.6,4273
20180322,5,0.3,11.4,0,4273
20180323,6.2,-0.7,13.5,0,4241
20180324,9.1,2.1,15.9,0,4241
20180325,10.8,3.9,18.7,0,4241
20180326,12,4.7,20.3,0,4251
20180327,13.7,5.5,21.6,0,4290
20180328,15,7.5,22.1,0,4307
20180329,14.5,8.8,21.6,0,4291
20180330,12.7,7.5,19.3,0,4299
20180331,14,6.3,22,0,4299
20180401,15.8,9.7,21.7,0,4299
20180402,17.8,11.5,24.6,0,4321
20180403,18,11.7,24.5,0.1,4306
20180404,11.5,8.4,16.6,14.9,4306
20180405,8.5,7.5,9.9,12.6,4333
20180406,7.9,3.9,12.9,16.9,4333
20180407,5,2.1,9.1,0.3,4333
20180408,7.2,0,12.6,0.8,4333
20180409,10.7,4.8,17.6,0,4321
20180410,15.1,4.8,22.3,1.7,4317
20180411,15.5,9.8,21,2.3,4317
20180412,13.2,5.2,21.2,0,4334
20180413,12.8,6.1,18.2,0,4309
20180414,9.5,7.5,13,22.9,4309
20180415,10.5,6.5,16,0,4309
20180416,10.9,3.9,17.7,0,4270
20180417,12.6,6.4,19.8,0,4270
20180418,13.2,5.5,21.2,0,4284
20180419,15.1,5.7,23.8,0,4259
20180420,17.7,8.7,27.5,0,4292
20180421,18.8,10,28,0,4292
20180422,15.7,11.5,21.2,4.7,4292
20180423,11.2,10.2,13.5,45.9,4282
20180424,11.6,9,14.1,10.5,4360
20180425,13,5.5,21,0.1,4379
20180426,14.6,6.2,22.7,0,4299
20180427,14.9,8.3,22.1,0,4299
20180428,15.9,7.8,24.2,0,4299
20180429,16.5,8.3,24.6,0,4299
20180430,18.8,12.4,25.5,0,4309
20180501,18.6,14,23.3,0.5,4309
20180502,14.9,10.5,19.2,12.9,4240
20180503,12,7.9,17.1,0.9,4240
20180504,14.5,7.1,21,0,4240
20180505,18.1,9.5,25.1,0,4240
20180506,15.9,14.2,18.7,19.5,4240
20180507,16.4,13.2,21,12,4240
20180508,15.1,11.6,19.2,0.5,3457
20180509,13.6,9.2,18.9,0,3417
20180510,15.2,9.3,22,0,3399
20180511,16.9,10.1,23.8,0,3345
20180512,16,13.5,18.7,16.7,3345
20180513,17.3,13.6,22.4,3.3,3345
20180514,19.3,12.3,26.9,0,3312
20180515,22.5,15,29.5,0,3252
20180516,22.9,20.5,25.5,5.9,3215
20180517,22.8,19.5,26.8,17.3,3018
20180518,17.5,13.4,21.7,9.5,3024
20180519,15.7,10.9,20.9,0.1,3024
20180520,15.7,9.5,21.7,0,3024
20180521,16.2,10.6,21.8,0,2807
20180522,17.5,12.1,23.7,6.6,2807
20180523,18.1,12.6,23.9,13.5,2789
20180524,18.9,9.8,26.7,0,2866
20180525,19.8,12.4,27,0,2851
20180526,20,12.4,27.8,0,2851
20180527,19.5,14.5,25.1,0,2851
20180528,20.4,15.1,26.2,0.6,2797
20180529,21.4,16.9,26.9,1.5,2797
20180530,20.7,16.7,25.8,2.2,2797
20180531,19.7,14.3,25.9,0,2685
20180601,22.1,14.4,29.9,0,2688
20180602,23.1,15.6,31.1,0,2688
20180603,22.6,15.7,30.3,0,2688
20180604,22.3,16.1,28.5,0,2653
20180605,21.6,17.9,26.4,1.4,2611
20180606,22.4,16.9,29,0,2611
20180607,23.2,17.6,30,0,2691
20180608,22.4,17.9,27.8,0,2691
20180609,21.2,17.2,26,1.1,2691
20180610,19.7,17.2,23.3,1.2,2691
20180611,18.5,16.5,21.7,7,2676
20180612,19.5,16,24.5,0.9,2679
20180613,20.4,16.3,25.4,0,2679
20180614,20.5,17.6,24.8,1.6,2707
20180615,19.9,16.3,24.6,0.6,2708
20180616,19.7,14.8,25.7,0,2708
20180617,20.8,14.6,27,0,2708
20180618,23.3,17.9,29.7,0,2747
20180619,21.3,18.2,25.7,3.2,2745
20180620,22.5,18,28.2,0,2757
20180621,23.1,17.8,29.5,0,2718
20180622,23.8,16.6,31,0,2686
20180623,24,19.5,29.9,0,2686
20180624,25.5,19.2,32.7,0,2686
20180625,25.4,19,32.5,0,2714
20180626,23.4,20.4,26.4,29.4,2773
20180627,24.4,21.3,28.8,31.4,2896
20180628,23,20.6,25.9,39.1,2919
20180629,24.2,20.6,29.1,2.6,2934
20180630,23.2,20.5,26.9,12.4,2934
20180701,22.7,20,26,67.4,2934
20180702,23.5,21.1,26.5,44.3,2986
20180703,24.8,22.1,28.5,12.2,2990
20180704,25.6,22,30.8,10.1,3004
20180705,23.6,21.8,26.9,11.1,3060
20180706,21.8,19.9,24,5,3015
20180707,21.3,17.9,25.9,0.2,3015
20180708,20.9,17.3,24.8,0,3015
20180709,20.2,18.8,21.9,12.3,3122
20180710,24,20,28.5,2.4,3235
20180711,26.1,22.8,30.3,3.1,3355
20180712,27.4,23.3,32.1,0,3498
20180713,27.8,24.1,32.6,0,3499
20180714,27.9,23.7,33,0,3499
20180715,28.2,23.4,33.9,0,3499
20180716,28.2,23.1,33.9,0,3605
20180717,28.1,23.3,33.4,0,3706
20180718,27.8,23,33.4,0,3771
20180719,28.1,23.1,34,0,3930
20180720,28.7,23,35.2,0,3960
20180721,29.3,24,35.4,0,3960
20180722,29.6,24.7,35.2,0,3960
20180723,29.6,25.4,35,0,4448
20180724,29.7,24.9,35.3,0,4524
20180725,29.7,25.8,34.6,0,4680
20180726,29.9,25.5,35.2,0,4788
20180727,30,25.5,35.9,0.1,4909
20180728,28.9,25.6,34.4,3.6,4909
20180729,29.4,24.7,34.6,0.1,4909
20180730,29,24.9,34,0.2,5030
20180731,29.2,23.9,35.3,0,5257
20180801,30,23.8,36.6,0,5404
20180802,30.2,24.9,36.1,0,5605
20180803,30.1,25.4,35.6,0.1,5719
20180804,30.3,25.9,35.6,0,5719
20180805,30,25.9,35.3,1.6,5719
20180806,29.1,25.5,34.2,12.1,5770
20180807,28.6,25.4,33.3,1.2,5770
20180808,28.8,24.9,34.6,1.6,5864
20180809,28.5,24.9,33.7,3,6010
20180810,27.7,24.9,32.4,8.2,6051
20180811,27.7,24.3,32.3,0.9,6051
20180812,28.1,24.1,33,0.5,6051
20180813,29.7,25.1,35.3,0.9,6066
20180814,29.9,25,36,0,6217
20180815,29.4,24.5,35.9,3.5,6217
20180816,27.1,23.5,32,5.2,6310
20180817,25.1,20.9,30.1,0,6522
20180818,24.2,18.8,30.3,0,6522
20180819,25.2,19.4,31.6,0,6522
20180820,26.4,21.1,31.9,0,6522
20180821,26.8,22.1,32.3,2.2,6986
20180822,28.9,22.9,34.7,0,7164
20180823,27.1,24.6,30,25.3,7320
20180824,25.6,23.1,29,20.6,7522
20180825,24.5,21.4,28.6,1.1,7661
20180826,22.3,20.2,25.6,54.3,7661
20180827,23.5,21.1,25.9,45.5,8245
20180828,25.1,22.7,28.9,30.3,8311
20180829,26.1,22.6,30.5,16.9,8248
20180830,26.3,23.9,30.4,15.2,8299
20180831,23.7,20.9,27.1,31.7,8201
20180901,23.3,19.7,28,8.2,8201
20180902,22.4,18.2,26.5,1.4,8201
20180903,23.8,21.1,27.3,32.1,8079
20180904,23.7,19.7,28.6,26.6,7121
20180905,23.3,18.2,28.7,0,6926
20180906,22.6,18.2,27.1,1.1,6917
20180907,21.3,17.8,25.4,4.5,6807
20180908,19.5,14.8,25.3,0,6807
20180909,20.4,14.4,27,0.5,6807
20180910,20.6,15.6,26,0.1,6579
20180911,19.6,14.5,24.6,0,6544
20180912,21,15.6,26.7,0.1,6334
20180913,20.9,18.4,24.2,2.9,6217
20180914,21.6,19,24.5,11,6209
20180915,22,20.2,24.6,2.3,6209
20180916,22.7,20.4,26.5,0.4,6209
20180917,21.9,17.8,27.3,0.1,6149
20180918,21,16,27.4,0,6027
20180919,20.6,16.6,25.1,2.4,6012
20180920,19.7,18.3,21.5,12.6,5920
20180921,19.3,17.9,21.1,26.4,5935
20180922,20.3,15.3,26.4,0.6,5935
20180923,18.9,13.6,25.7,0.2,5935
20180924,16.6,12.1,22.1,0,5935
20180925,16.5,9.7,23.6,0.3,5935
20180926,17.8,13.8,23.1,0.5,5935
20180927,17.2,11.4,23.9,0,5875
20180928,16.9,11.6,22.1,0,5617
20180929,18.6,14.1,23.7,1.8,5617
20180930,18.5,14.2,24.7,0.7,5617
20181001,16,12.3,20,1.2,5321
20181002,15.5,10.1,22.1,0,4897
20181003,15.5,9.2,23.5,0,4897
20181004,18.1,10.8,24.6,0.4,4559
20181005,17.5,15.7,19.3,57.9,4400
20181006,18.8,16.2,22,81.2,4400
20181007,17.6,12.6,23.7,0,4400
20181008,14.5,9.7,21.1,0,4464
20181009,14.8,10,19.8,0,4464
20181010,13.9,9.2,17.8,1.6,4387
20181011,10.7,5.9,16,0,4194
20181012,10.4,4.6,17.6,0,4151
20181013,11.8,5.3,19.7,0,4151
20181014,13.1,6.8,20.3,0,4151
20181015,14,8.5,21.1,0,4001
20181016,13,9.1,18.5,0.3,3864
20181017,12.4,7.6,19.3,1.5,3779
20181018,11.6,6.2,17.7,6.3,3736
20181019,12.1,6.7,19.3,0,3663
20181020,11.5,5.3,20.5,0,3663
20181021,11.6,4.9,20.8,0,3663
20181022,12.8,6.7,20.1,0,3618
20181023,13.2,8.6,19.3,1.2,3587
20181024,12.2,7.1,19.5,0,3570
20181025,12.3,5.6,20.9,0,3501
20181026,12.3,9.2,15.1,6.9,3451
20181027,10.6,7,14.3,0.3,3451
20181028,10.6,4.4,16.5,5,3451
20181029,9.8,5,15.5,0.3,3382
20181030,7.5,2.6,13.1,0,3360
20181031,7.8,2.8,14.2,0,3399
20181101,7.7,1.4,16,0,3368
20181102,9,2.1,18.3,0,3290
20181103,9.7,2.6,19.3,0,3290
20181104,10.2,3.1,19.8,0,3290
20181105,10.7,3.8,19.1,0,3153
20181106,11.8,5.7,19,0.2,3171
20181107,12.8,10.1,15.5,6.1,3149
20181108,14,12.1,17.1,34.6,3112
20181109,12.4,7.9,16.1,0.4,3107
20181110,10.9,5.5,18.2,0,3107
20181111,9.5,4.9,14.3,1.1,3107
20181112,9.3,4.9,14.9,1,3092
20181113,8.8,4,15.4,0.4,3127
20181114,8.5,3.3,15.9,0.4,3045
20181115,8.7,3,16.5,0,3003
20181116,9,5.1,13.7,1,3000
20181117,7.4,2.7,13.7,0,3000
20181118,6.4,2,11.1,0,3000
20181119,7.2,2,13.6,0,3008
20181120,6.1,0.3,13.5,0.1,3003
20181121,6.2,1.4,11.1,0.7,2995
20181122,4.1,-0.2,8.8,0,2981
20181123,2.3,-2.6,8.6,0,2966
20181124,3.7,-0.6,7.1,4.3,2966
20181125,5.7,1.8,11.3,0,2966
20181126,5.9,0.6,13.9,0,2966
20181127,7.8,1.5,14.9,0,2956
20181128,5.9,1.2,12.1,0,3004
20181129,5,-0.9,11.4,0,2933
20181130,5.1,-0.1,12.1,0,2916
20181201,5.4,1,11.9,0,2916
20181202,8.5,1.2,15.3,0.2,2916
20181203,12.1,9.1,15.2,8.6,2873
20181204,10.2,5.2,14.1,12.2,2826
20181205,3.9,-0.3,7.9,0,2796
20181206,4,1.6,6.9,2.5,2773
20181207,-3,-6.1,3.1,0,2773
20181208,-5,-8.4,-1,0.1,2773
20181209,-4.4,-8.8,0.7,0,2773
20181210,-1.9,-7.9,5.4,0,2805
20181211,0.3,-3,2.6,1.8,2805
20181212,-0.5,-4.2,3.8,0,2805
20181213,-0.3,-5.3,5.1,0.3,2799
20181214,-2.4,-6.5,3,0,2816
20181215,-1.9,-8.3,5.7,0,2816
20181216,0.6,-3.2,4.5,0.6,2816
20181217,3.2,-1,7.5,0.1,2816
20181218,2.5,-2.5,8.5,0,2850
20181219,5.1,-0.6,11.9,0,2865
20181220,4.2,-0.1,10.5,0,2838
20181221,5.1,-1.3,12.2,0,2798
20181222,6.7,1.2,13.4,0,2798
20181223,5.5,0.4,10.3,0.9,2798
20181224,-0.3,-4.4,5.1,0,2789
20181225,0.4,-5.4,5.4,0,2789
20181226,2.5,-1,6.9,0,2796
20181227,-4.8,-8.1,-0.5,0,2796
20181228,-7,-10.7,-2.7,0.1,2796
20181229,-5.1,-9.5,-0.7,0,2796
20181230,-4.7,-9.4,0.9,0,2796
20181231,-3.2,-9.9,4,0,2796
20190101,-2.1,-5.8,2.1,0.1,2796
20190102,-2.5,-7,3.2,0,2722
20190103,-2.1,-7.7,5,0,2709
20190104,-0.7,-7.3,5.3,0,2709
20190105,0.2,-4.6,5.3,0,2709
20190106,-1.3,-6.1,5.7,0,2709
20190107,-0.5,-6.3,5.5,0,2748
20190108,-0.7,-4.8,4.2,0,2772
20190109,-2.9,-8,2.9,0,2748
20190110,0.5,-3.4,5.1,0,2756
20190111,2.1,-3.4,8.1,0,2756
20190112,3,-0.3,7.5,2.4,2756
20190113,1.3,-3.2,8.2,0,2756
20190114,1,-4.1,7.5,0,2693
20190115,0.9,-3.9,6.1,0.1,2692
20190116,-3.2,-7.9,1.7,0,2631
20190117,0.4,-4,5.4,0,2598
20190118,0.8,-5.1,8.1,0,2578
20190119,2.9,-2.7,9.3,0.2,2578
20190120,1.6,-2.8,5.5,0.1,2578
20190121,0.5,-5.5,6.2,0,2554
20190122,2.6,-3.2,9,0,2550
20190123,3.1,-2.2,9.6,0,2550
20190124,0.7,-5.2,8.2,0,2517
20190125,-0.4,-5.1,5.5,0,2503
20190126,-1.8,-6.2,3.7,0,2503
20190127,-0.2,-7.8,7.1,0,2503
20190128,2.6,-2.6,7.2,0.2,2413
20190129,0,-6.5,8.1,0,2498
20190130,3.5,-3.1,10.1,0,2498
20190131,0.3,-3.8,4.7,4.9,2577
20190201,-1.3,-6.7,4.1,0,2572
20190202,2.1,-4.8,8.5,0,2572
20190203,5.6,2.6,9.8,12.8,2572
20190204,2.5,-1.5,6.8,0,2572
20190205,2.9,-4.1,11,0,2572
20190206,5.6,-1.2,12.9,0,2572
20190207,2.1,-3.9,7.4,0.5,2665
20190208,-2,-5.9,3.2,0,2640
20190209,-1.7,-4.2,1.7,0,2640
20190210,-1.4,-6.3,3.2,0,2640
20190211,-0.8,-4.7,3.9,0,2584
20190212,0.1,-6,6,0,2584
20190213,0.3,-4.1,5.3,0,2589
20190214,0.6,-3.7,6.5,0.1,2508
20190215,2,-1.5,6,0.4,2508
20190216,-0.3,-3.5,3.3,0.1,2508
20190217,-0.2,-5.7,6.3,0,2508
20190218,2.2,-4.4,7.5,0.1,2444
20190219,2.9,0.6,5.7,16.3,2429
20190220,2.8,-0.5,7,0,2386
20190221,2.7,-2.7,9.4,0,2367
20190222,3.9,-1.5,11.1,0,2343
20190223,5,-1.3,13.2,0,2343
20190224,6.1,-1.5,14.3,0,2343
20190225,6,0.8,12.8,0,2322
20190226,5.4,-1.5,12.8,0,2322
20190227,7.1,3.4,11.8,0.4,2327
20190228,6.8,1.4,13.4,0.1,2304
20190301,6,-0.3,13.7,0,2304
20190302,6.9,-0.8,14.6,0,2304
20190303,8.7,2.4,14.8,0,2304
20190304,8.8,3.9,15.2,0,2347
20190305,8.2,1.2,14.4,0,2313
20190306,8.8,4.7,14.3,1,2313
20190307,6.5,2.1,12.1,0.5,2308
20190308,6.1,-1.3,14.5,0,2300
20190309,7.9,-1,16.1,0.3,2300
20190310,7.8,3.8,11.9,7.9,2300
20190311,6.4,0.7,11.9,1.1,2276
20190312,5.8,0.9,11.9,0.9,2263
20190313,3.9,-1.5,9.4,0,2263
20190314,5.2,-2.4,11.8,0,2245
20190315,5.8,1,12.3,3.3,2230
20190316,5.8,1.4,11.1,0.2,2230
20190317,6.6,1.1,13.1,0,2230
20190318,7.5,-0.7,15,0,2233
20190319,10.7,2.2,19,0,2245
20190320,11.4,5.3,17.2,16.1,2245
20190321,9.8,4.5,15,2.1,2245
20190322,5.2,1.6,10.5,0,2228
20190323,4.2,-0.3,10.3,1.4,2228
20190324,4.7,-2.1,11.3,0,2228
20190325,7.2,0.4,13.8,0,2228
20190326,10.5,3.2,18.7,0,2205
20190327,12.8,4.8,19.9,0.1,2170
20190328,10.6,6.6,16.1,0.6,2180
20190329,10.6,5,17,0,2198
20190330,7.2,3.7,12.2,3,2198
20190331,5.4,2.3,9.2,0.2,2198
20190401,5.7,-0.1,11.4,0,2201
20190402,6.7,-0.4,13.4,0,2201
20190403,7.4,-0.4,14.5,0,2201
20190404,9.9,1.3,17.9,0,2231
20190405,11.7,5.2,19,0,2246
20190406,11.6,3.4,19,0.6,2246
20190407,12.5,7.4,18.4,2.8,2246
20190408,11.8,5.1,19.1,0,2269
20190409,9.3,4.8,15.4,23.2,2282
20190410,7.2,4.5,9.9,8.5,2312
20190411,8.8,3.3,14.3,0,2299
20190412,10.7,4.1,17.7,0.1,2274
20190413,11.6,4,18.9,0,2274
20190414,10.2,6.3,14.7,0.8,2274
20190415,11.1,2.3,19.6,0,2284
20190416,14.2,4.3,23.3,0,2276
20190417,15.5,8.7,23,0.5,2276
20190418,15.3,8.4,21.6,0,2276
20190419,12.8,9.5,17.6,0,2276
20190420,14.7,7.7,21.6,0.1,2276
20190421,16.5,12,22.1,0.1,2276
20190422,17.6,10.2,25.6,0,2280
20190423,16.8,12.1,21.8,5.6,2280
20190424,17.3,14.2,22,6.9,2296
20190425,13.5,10.2,17,4.5,2288
20190426,9.4,7.6,11.6,6.3,2288
20190427,11.4,4.9,17.8,0.1,2288
20190428,12.1,8.4,17.1,0.2,2288
20190429,11.3,8,14.3,19.1,2311
20190430,14.6,9.8,20.5,0.1,2311
20190501,15.4,10.1,22.1,0,2311
20190502,16,8.3,24.1,0,2324
20190503,16.7,7.6,25.9,0,2316
20190504,17.6,8.8,26.5,0,2316
20190505,18.9,10.9,27.3,0,2316
20190506,14,8.3,20.3,0.1,2316
20190507,13.9,5.2,21.8,0,2357
20190508,15.7,7.2,22.9,0,2425
20190509,17.1,11.1,24.1,0,2425
20190510,17.6,8.7,26.7,0,2425
20190511,18.5,10.2,27.3,0,2425
20190512,18.4,11.1,26,0,2425
20190513,17.9,11.4,24.5,0,2428
20190514,19.8,13.9,26.6,0,2448
20190515,20.3,14.3,27.3,0,2448
20190516,21.4,14.6,28.9,0,2458
20190517,21.3,15,27.3,1.7,2531
20190518,18.8,16.4,21.8,21.3,2531
20190519,19.5,16.9,22.6,7.2,2531
20190520,17,11.9,21,1.7,2620
20190521,17,9,24.2,0,2265
20190522,19.2,10.3,27.3,0,2272
20190523,20.9,12.8,29,0,2249
20190524,22.9,14,31.6,0,2282
20190525,23.3,16.9,30.1,0,2282
20190526,23.2,16.4,30.1,0.1,2282
20190527,18.6,15.4,22.1,22.9,2209
20190528,17.8,12.6,23.8,0,2219
20190529,19.7,11.1,27.4,0,2219
20190530,20.5,12.7,27.6,0.1,2366
20190531,18.6,14.4,24,0.8,2361
20190601,18.9,12.4,25.3,0,2361
20190602,20.6,13.6,27.8,0,2361
20190603,22,14,29.7,0,2375
20190604,23.1,16.1,30.3,0,2385
20190605,22.9,16.8,29.9,0,2413
20190606,21.1,16.9,26.9,20.7,2413
20190607,18.6,16.6,21.2,24.2,2477
20190608,20.1,15.5,25.5,0.1,2477
20190609,19.7,16.1,25,1.5,2477
20190610,18.3,15.3,22.2,4,2477
20190611,18.8,14.8,23.8,0.3,2477
20190612,19.7,14.3,25.9,0,2562
20190613,21.2,14.7,28,0,2651
20190614,20.2,16.8,24.7,2.3,2692
20190615,20.4,16.1,26.4,3.8,2692
20190616,20.2,15.2,26.1,0.1,2692
20190617,21.3,16.8,26.8,0,2722
20190618,21.3,17.3,26.2,2.1,2774
20190619,22.2,18.3,27.5,0.8,2824
20190620,23.4,18.2,29.2,0,2891
20190621,22.8,18.5,28.7,1.9,2887
20190622,21.7,17.4,27.1,1,2887
20190623,21.6,16.4,27.3,0.3,2887
20190624,22.5,17.2,28.4,0.1,2913
20190625,23.6,17.1,30.4,0,2901
20190626,21.1,18,24.4,33.1,2906
20190627,23.8,20.6,28.8,12,2924
20190628,23.6,20.7,28.1,0.8,2999
20190629,21.6,19.9,24.1,31.7,2999
20190630,23.8,20.1,28.5,0,2999
20190701,23.2,19.9,26.9,0.4,3031
20190702,23.4,18.5,29.2,0,3038
20190703,23.1,18.4,28.5,0,3027
20190704,24.4,18.4,31.2,0,3077
20190705,25.1,19.1,32,0,3062
20190706,25.1,19,31.3,0,3062
20190707,23.5,19.8,28.2,0.2,3062
20190708,22.6,18.9,27.3,0.5,3060
20190709,22.6,18.4,27,0.2,3056
20190710,20.9,19.2,23.3,20.7,3075
20190711,22.2,19.7,25.6,8.5,3090
20190712,23.2,19.6,27.9,0.4,3176
20190713,23.3,20.1,27.8,1.6,3176
20190714,23.9,20.2,29.1,2.1,3176
20190715,23.2,20.6,27.1,8.8,3181
20190716,23.8,20.3,28.7,4.5,3209
20190717,24.4,20.7,28.8,3.7,3146
20190718,24.3,21.4,27.8,8.1,3205
20190719,25.2,22.1,28.5,13.9,3214
20190720,24.8,23.2,27.1,56.5,3214
20190721,24.8,22.6,27.8,20,3214
20190722,27,23.2,31.6,0.3,3209
20190723,27.9,24.2,32.8,0,3238
20190724,26.8,24.8,29.7,0.5,3216
20190725,26.6,24.8,29.2,16.3,3275
20190726,26.5,24.7,29.2,19,3261
20190727,27.1,24.6,30.5,12.1,3261
20190728,26.9,25,29.9,10.9,3261
20190729,27.8,24.3,32.1,0.1,3313
20190730,28.4,24.7,32.5,0.7,3334
20190731,28.4,25.2,32.2,6,3338
20190801,28.4,24.6,33.1,3.4,3312
20190802,28.8,24.3,34.2,0.1,3293
20190803,28.3,24.2,34.1,0.5,3293
20190804,28.4,23.9,34.2,0.6,3293
20190805,28.8,24.2,34.6,0.7,3296
20190806,27.6,23.8,32.1,10.9,3301
20190807,27.2,23.8,32.1,14.7,3287
20190808,27.6,24.2,33.2,5.7,3391
20190809,28.3,24.2,33.6,0.1,3415
20190810,28.6,24.5,33.4,0,3415
20190811,28.3,24.8,32.3,8,3415
20190812,27.7,25.3,31,15.5,3417
20190813,28.5,24.3,33.7,1.2,3444
20190814,28.6,24.7,33,1.2,3440
20190815,26.1,24.2,29.1,15.8,3440
20190816,26.4,23.3,30.7,1.9,3396
20190817,26.2,22,31,2.1,3396
20190818,25.3,21.1,30.8,0,3396
20190819,25.1,20,30.8,0.4,3432
20190820,26,21.7,30.9,0.2,3486
20190821,25.8,22.5,30.1,8.6,3429
20190822,25.8,23,30.3,25.2,3583
20190823,24.7,20.8,29.5,0,3602
20190824,22.8,18.9,27.6,0,3602
20190825,23.2,18.9,28.7,1.2,3602
20190826,24.3,19,30,0.1,3602
20190827,22.7,20.5,25.4,16.7,3618
20190828,23.8,21,27.7,0.9,3636
20190829,22.4,19.9,25.7,4.2,3730
20190830,22.9,18.6,28.1,0.2,3758
20190831,22.6,17.6,28.5,0,3758
20190901,22.1,18,26.8,0.8,3758
20190902,21.6,19.1,25.1,11.4,3883
20190903,22.1,20.1,24.8,13.1,3919
20190904,23.4,21.4,26.2,11.9,4045
20190905,24.2,21.8,29,22,4570
20190906,25.4,22.1,28.9,2.9,4784
20190907,25.8,22.6,29.1,12.3,4784
20190908,24.6,21.8,28.5,0.8,4784
20190909,24.7,22.4,28.3,8,5015
20190910,25.4,22.5,29.6,15.3,5125
20190911,23.9,21.5,27.8,7.4,5193
20190912,20.8,18.6,23.5,5.6,5193
20190913,21.7,17.1,27.4,0,5193
20190914,22.3,17.4,27.5,0.1,5193
20190915,23.4,19.7,28.8,0.4,5193
20190916,22.4,18.1,28.2,0.2,5260
20190917,21.3,15.5,27.8,0,5208
20190918,21,15.4,27.9,0,5221
20190919,19.2,13.5,25.6,0,5496
20190920,19.3,15,23.7,0,5622
20190921,17.8,16,20.7,40.1,5622
20190922,17.5,16.1,19.1,65.1,5622
20190923,18.1,14.4,22.5,0.4,5663
20190924,17.8,12.6,25,0,6162
20190925,18.4,12.6,24.8,0,6492
20190926,20.4,16,26.2,0,6641
20190927,21.4,16.8,26.9,1.5,6674
20190928,22.5,19.3,27.4,1.8,6674
20190929,22.2,18,28.5,0.1,6674
20190930,21.6,16.4,28.2,0.1,6903
20191001,21.5,18.4,24.9,9.4,7177
20191002,21.1,19.8,22.9,106.3,7328
20191003,22,18.7,26.3,28.9,7328
20191004,21.2,17.1,26.9,0.3,7876
20191005,18.9,15.5,22.6,3.2,7876
20191006,17.3,13.4,21.8,0,7876
20191007,15.5,13.8,17.7,8.6,8004
20191008,15.9,10.3,22,0.1,7437
20191009,13.3,6.8,21.2,0,7437
20191010,14.9,8.6,21.6,0,7122
20191011,17.9,11.9,24.8,0,6968
20191012,18,13.5,23.4,0,6968
20191013,15.9,10.6,22.3,0,6968
20191014,14.7,9.3,21.3,3.4,6826
20191015,13.3,8.5,18.8,1.2,6786
20191016,13.3,8.1,20.4,0,6626
20191017,14,9.5,19.9,0,6578
20191018,15.3,11,19.5,3.8,6531
20191019,16.2,11.6,22.6,0.2,6531
20191020,15.1,10.4,22.6,0,6531
20191021,15.3,9.5,23,0,6417
20191022,15.9,10.3,22.9,0,6291
20191023,16,12.1,20,0.1,6149
20191024,17.4,13.6,22.1,2.3,6014
20191025,16.9,12,22.7,0.3,5680
20191026,12.8,8.9,17,0,5680
20191027,10.7,5.4,17.4,0,5680
20191028,11.5,4.5,18.5,0.3,5710
20191029,13.2,8,18.8,0.7,5390
20191030,11.3,5.7,18.3,0,5327
20191031,13.3,6.1,20.7,0,5141
20191101,14.3,9,21.8,0,5027
20191102,13.5,7.7,19.9,0,5027
20191103,13.8,9.4,20.5,1.5,5027
20191104,12.5,7.6,18.9,0.2,5037
20191105,11.7,6,19.1,0,4841
20191106,11.3,5.5,18.6,0,4746
20191107,10.8,5.7,16.9,0,4739
20191108,7.8,2.3,15.3,0,4399
20191109,8.5,1.6,17.3,0.1,4399
20191110,9.4,3,15.8,8.5,4399
20191111,12.1,7.8,16.9,1.1,4299
20191112,9.7,4.8,16.6,0,4200
20191113,8.9,3.7,13.9,2.8,4275
20191114,3.7,-0.7,8.6,0,4262
20191115,7.2,-1,14,3.6,4345
20191116,10.3,5.1,17.1,0.2,4345
20191117,11,6.1,15.4,19,4345
20191118,8.7,3.4,16.4,11.6,4450
20191119,3.7,0.6,7,0.1,4519
20191120,2.6,-2.1,8.9,0,4645
20191121,5,-2.6,12.2,0,4605
20191122,9.3,2.8,17.3,0,4600
20191123,10.8,4.7,18.2,0,4600
20191124,12.8,7.4,19.6,1.2,4600
20191125,5.9,3.3,10.6,3.5,4655
20191126,7.7,2.6,13.5,0.5,4691
20191127,6.2,2.6,9.7,1,4756
20191128,4.7,0.3,10.4,3.1,4680
20191129,3.4,-1.2,9.9,0,4594
20191130,5.4,-1.5,12.7,0.1,4594
